Commit Hash,Modify Lines,Add Lines,Delete Lines,Distribution modified Lines,Modify Files,Directories,SumOfSourceRevision,SumOfDeveloper,LSTM C.E.,bug
af9d7a3e68002860fcc178e21b869d2f79c27dee,72,44,28,5,3,3,30,10,7.560308933,1
f4b6b37ca79099468d9ba2817b018a2a576bbef6,6,5,1,1,1,1,27,11,5.395670414,0
a4569f13efdf354f7f5d5e346f49dca02a2e9f22,32,27,5,5,3,3,51,19,6.839277744,1
55c7f7528dccfb4f6209ef6429d0fb1080535613,9,5,4,0,1,1,5,4,4.856532574,0
bd70d2fe3a589afc1607ba38b9fdba65b74d8359,2,1,1,0,1,1,20,11,4.555334568,0
86cd375e267036596f19376e2499e1d1c4ccdcbb,53,39,14,1,5,3,20,11,10.86266804,0
1fe077e020fc21f80f559ed6d2d8a51ccac0ddac,3,2,1,1,1,1,1,1,4.555334568,0
0e44fd1ec6d0a2f7bdfb4d01eabb05473981cd02,9,3,6,1,2,2,75,16,4.616623402,0
bc3c1ada2c9e0b7c8b6e3459b17a21612086cdb2,18,18,0,3,1,1,8,5,5.837522984,0
7a0991e91c5f2e0346664cfc48846f24f9c6b12d,16,12,4,1,1,1,14,8,5.144506454,0
209f2cba3ba4f72897b72dcf5434baf2c96a2d32,4,1,3,1,1,1,5,2,4.555334568,0
2f7caaf760a6d5007a9e62e403d7eb50affc209f,8,8,0,3,1,1,1,1,4.901990414,0
e1ef4ab6158158985422b81b012cceff9350910a,5,4,1,0,1,1,8,3,4.793334484,0
b93af78a4778ed5f1165ff60e863b04a0bf11e14,328,286,42,12,27,17,237,139,15.88295746,0
23fb95cac04fd8d5f6e91a2b1e60f1ee5725747f,20,9,11,6,1,1,31,10,5.360057831,0
d35b433c397c03e78245c3e262ecaa31c78a564e,2,1,1,0,1,1,1,1,4.697241306,0
e6c7c0ae7fbe51cce9468c8b8e068b96138454d7,3,1,2,1,1,1,4,2,4.599024773,0
49c9349c5c1bc1920aadd391fefe8c504be0a7ab,43,30,13,1,3,2,53,25,6.778057098,0
bb2a7adddbc5c780151bb9957d68af52be7339ca,2,2,0,0,2,2,31,12,4.679201603,0
ee9ff89042acc0f9f13987ed3f303d485d82db4e,3,1,2,0,1,1,17,9,4.672627449,0
29280bf8a6da3d037f5c7daf506028194b327d62,357,193,164,20,9,7,195,77,14.69420433,0
af3702448f7c284115046d398c8fcd20db4431a0,4,1,3,1,1,1,19,12,4.486428738,0
546237d4789b2df958752a722053a89c31c24597,90,65,25,3,1,1,15,8,10.72327518,0
747d939caea9deb1418738d0b7cba9b45a0aca4a,6,6,0,0,1,1,17,7,5.13489151,0
8c55414f6779cf2d32bf27c31194cd717d16c99f,8,5,3,1,1,1,18,10,4.693491936,0
dc516b700f9e7b735db5af2b5fb439681f3a0e87,319,151,168,40,2,2,28,13,15.32535553,0
b2ec5c4c1f19a704984f71e9b1c10d489017ae01,42,21,21,4,2,2,22,17,8.022921562,0
87c7a2e57bdde875a0ab36f8586fb607970a4e1d,23,13,10,0,2,2,19,14,5.314562321,1
b5fd9109c81acf1c643ae3618ea5303ec147a259,18,18,0,5,3,3,12,8,6.080888271,0
d67c34608378c816ea8b2bdbc9d71cb928879976,28,20,8,2,3,3,21,13,6.331836224,0
bef8d8e5e7fafc57e6f042c31998f1efb728867d,7,5,2,0,1,1,53,14,4.730294704,0
2ce1177afe7db196a672e0cad6fd9edc29368331,8,7,1,3,1,1,11,7,5.160433769,0
113c58e85f23ebbe2031ec56cca2dd194523f9ef,7,2,5,2,1,1,53,17,4.697953701,0
b1ebe2f6a7fe054321e0554d0f6319189ddb8e67,2,1,1,0,1,1,2,2,4.464105606,0
cebd231420f8ffe72770c81cb5e2a2dd5f6dfe9a,19,14,5,3,3,3,47,24,5.422018528,0
32860a5906834dce0408ae471a376375d40e3653,476,454,22,16,8,6,165,50,16.38645744,1
ca38c854b0a2dba5ce856688a4056675df031b86,10,8,2,2,2,2,18,11,5.183290482,0
9b4a9df26c5b92c82029d030a9bf72cda043209c,32,28,4,4,1,1,13,6,7.24676609,0
d4a2b478c7d1c41107471a775a08b2b677726ef2,8,8,0,3,1,1,2,2,4.901990414,0
8e854ffcecb85342276b9e57e13e7cb0c46053a1,9,3,6,0,1,1,15,9,4.583452225,0
010c2fc8035525545812ae8acfbeeda1a8bbb96b,3,3,0,0,1,1,5,4,4.599024773,0
0bfd857f9b193f0ed84ec325a6d32b23fb34c82c,5,4,1,1,1,1,29,12,4.555334568,0
8151237a4000972f79ee30b371cc7be1dbb10d04,6,2,4,1,1,1,46,16,4.791612625,0
2ae86d3de9a82db380574e107c7548a36575fc91,16,7,9,4,1,1,49,17,5.364997864,0
111a3cc123aece89acdfbfd974f845446671a1e2,408,389,19,12,8,3,145,45,16.63811874,0
89b16ce29f3bf6618ec2bf9df0807b24c1e40339,37,18,19,2,1,1,28,10,6.326831818,0
3628e2fd6974b9bdd98cc80274a35c97e22197dc,44,35,9,1,1,1,4,3,6.894799709,0
ac02d82af823b623c02167e543571e2c16a289be,8,2,6,0,2,2,36,15,4.693446636,0
7e6eabbc2b0a0b5ee91148a9effc6447af5057ba,22,14,8,3,1,1,33,13,5.46403265,0
6e4413b8da80a1151dcbec4ed4e1d0de794aed37,29,24,5,5,2,1,17,10,6.126810074,0
e0326de05197f8415eeb750d4d8fff764db87aa9,29,24,5,5,2,1,26,10,6.126810074,0
c93d908bb635d3c5b59f8c8a22e0584ebf588794,9716,5499,4217,375,127,50,1418,802,19.54161453,1
a674df56ae05f03ee6684bb44d409a1003edaa6e,1093,920,173,97,45,27,403,221,18.6797924,0
447587881a14dd85317f33c4ccba1db5321ac0da,26,15,11,2,1,1,16,6,5.764605522,0
a7d0ac2724e1c16f8071a5d734f092d1bc03cac1,8,6,2,0,1,1,9,4,4.830522537,0
3df16722455a550590d2a293b028c8c73608270a,2,1,1,0,1,1,1,1,4.464105606,0
dbdb40bcfacf8d53076bc24f768c5dde0832f742,8,8,0,1,1,1,4,1,4.991894722,0
2544fad223faeaafef966d0f04ff00da9f749641,142,86,56,6,2,1,31,13,11.83409977,0
ea2dd29d6d3bace58ccc83f4fde0ab5524e1cd59,5,1,4,1,1,1,11,7,4.54535532,0
b541de8ff20b818667e2765664ae2f133b439dc3,1,1,0,0,1,1,30,8,4.54535532,0
9e4d9544eb7da850366bbc6fb07983d457302201,103,88,15,2,6,4,52,30,11.56350231,0
76c8cff1402e217049942bac88a8a005d45abf43,28,25,3,4,2,2,53,24,7.595216751,0
33922feb804d740180fb4abd833884dae6d62cc0,150,75,75,16,3,1,43,26,10.52963066,0
c6e5dfb3d2f430d9b899a273515f58c093295baa,112,57,55,2,1,1,17,9,9.874743462,0
957306ae0399442de655fc897ae82f4cb60a8883,5,3,2,0,1,1,48,11,4.616178513,0
90ae2d1f9159c3d30d5a937252f2bbb00e2110e4,28,20,8,2,3,3,18,13,6.3318367,0
217fad16bfdea0494390e8f170d9350cf06657ef,32,28,4,9,3,3,5,4,6.391411304,0
25d0cf73436146d44122f992eca6fa04e444de39,337,337,0,3,3,1,3,3,15.78121853,0
ca5d242fac20b49e37d135b8d2da90bc72974444,15,13,2,3,1,1,8,6,5.448542595,0
5849cdbbb10c30251e74a90d07965f003ac0a16e,18,9,9,1,8,6,181,63,5.856546879,0
cb580f060ced9e0e1cfd43d5366d33b92259ba1b,3,3,0,0,1,1,6,4,4.599024773,0
faed27af5b2c471610af93e2cb45f551615bd922,182,109,73,44,23,8,108,87,15.02927589,1
4787d408a1237946f29fad539bf65333d64c3067,34,17,17,2,4,4,97,33,6.071452141,0
48c38b03f3cfb73402431f262990a6d091570e9a,90,85,5,2,2,2,7,6,9.60248661,0
e66d44d9c290c550e78edb425a43e010b861172c,117,112,5,1,1,1,1,1,13.37879372,0
d73f2930cbb57ad1a37667cecd73f38daca7a1cd,49,34,15,4,5,3,80,32,7.223179817,0
86aac2d4631a6978233040e53a8881bbfa9bfaeb,11,8,3,2,1,1,22,12,4.909977436,0
a83a736793a6f8bdc091acf73c1f00a48d25f4b6,3,3,0,0,1,1,13,9,4.606388092,0
b770b45681dbf8d1b76fce59576f85043e93ba01,360,360,0,1,1,1,1,1,16.69942665,0
929fc9c89afb9267e3116cdca874dbcf9e511430,26,13,13,4,9,4,207,70,6.004749298,0
7cc622e14f9bcdb5fb0547ee54c0966424eabcd9,110,55,55,0,1,1,15,9,9.147785187,0
bea86219631903a22de3373b6a3da721bdbba5bc,4,2,2,0,1,1,12,6,4.819727421,0
d828ed03e59257e76d769b175c91b2d7c2b5d38e,24,12,12,3,9,4,194,70,5.913192749,0
b4d00e3714d02d45c7ec309182736cf22c28c77c,13,12,1,2,1,1,4,3,5.182898998,1
d34a002b25a770369ad6a5a20475c7072d8fa02b,2,2,0,0,2,2,27,12,4.679201126,0
9854f7af644a68db884f1b03eaf69359019e212e,14,7,7,0,1,1,9,5,5.529066563,0
aff04c8484990545edb5e997894438d04033d1bb,7,4,3,3,1,1,66,20,4.868368149,0
c532c4e4861c7292f1fb7fee7e5442493dcfd71e,90,29,61,8,2,2,10,7,6.602405548,0
d3ab941a10c933d3c9da9b8c4fd1cbf6f3dfc8fe,16,8,8,0,4,1,24,16,5.066759109,0
100816fac9cddf99759fe1fc9d22adcf7a2ed4fa,2,1,1,0,1,1,18,9,4.5421381,0
f612c4133444e7c765a6c690b5ee6c373ee12265,2,2,0,1,1,1,28,13,4.601446629,0
a2f637e4dc5842ce37fd5b3598df10b2bef278e1,4,2,2,0,2,1,6,5,4.679201603,0
58ef2dac72ce7305e47eb87db1ee0b327373b36f,5,3,2,2,1,1,83,13,4.645355225,0
95d9a781de4c8055d58cf51fb889ebd1b874552e,1,1,0,0,1,1,30,9,4.486428738,0
bfd47dbc2ec178552de93bd7ea60bf5fb2937efa,10,5,5,0,1,1,9,5,4.869075775,0
3d01ac89691d4a516650da65c695471921fcfcec,46,36,10,7,2,1,13,10,7.072673798,0
1193f8baecd27933c29e3a02942e27e29d84b429,452,402,50,27,17,14,302,120,16.06036568,0
e5e67028251e5cc1fdd10ed94103fadff0c41a4a,2,1,1,0,1,1,3,3,4.606388092,0
e0a27c7870d632966d584cf45399b98ba77e2bd6,15,13,2,1,2,1,31,14,5.387456894,0
6f5c50e23cce8ecf538bf9f5081c9daa58c4c768,19,10,9,3,1,1,58,14,4.899602413,0
e9b823db993004511c909548e0a5da342d687ce9,307,130,177,25,55,36,275,212,15.26262665,0
a7bc1a8c5a3a5ab9c72574afd98089a354bf0484,43,22,21,1,1,1,7,5,6.957295418,0
01bdc70b52f64a0d8ee81823eb61e5854e3f6291,10,5,5,0,5,2,21,12,5.054291725,0
fd203d8f7d6376fc5348c80e4ee34d0164af31da,42,37,5,4,2,1,16,12,7.878205299,0
1a80d30a7a4c6f0c5337450f212b1941e0b6c544,38,28,10,4,2,2,16,11,6.600707531,0
93e03a720871b383d7188359abe9e30c4d0efc2a,18,14,4,1,1,1,22,11,5.121638775,0
ec42cfbcac20d44d797bbedb9bb61631b1cc4777,21,14,7,5,1,1,14,7,6.110789776,0
fc89e4fdaf371fc101516ba87ccd6170fd011c30,144,144,0,2,2,1,17,9,16.40725708,0
8b7298da1f04ade38f986b225134345456f07c32,2,1,1,0,1,1,55,17,4.640595436,0
a2b944f89514b391e0a2eb0fbdac59cd0d01d455,137,125,12,4,6,5,361,71,15.03263474,0
b2199a8d60d06364d21352aab7b28828af2ed6e3,32,11,21,6,1,1,3,2,5.455653667,0
579a76beb17aaa28a7dd68d6c4fe0d3e2c80bb51,20,17,3,4,2,2,64,31,5.768090248,0
3252f15557f3156836868bced3aec093f21bccb5,1128,809,319,68,31,16,659,256,16.42233467,0
f5b5d2cbb58654944d748d54dd288003c3a8f290,52,30,22,6,2,1,4,2,6.831003189,0
f6244e60ad821a06026caa55030614ed04803860,100,89,11,6,1,1,37,10,11.93394852,0
1f2c2ff4481045d034f6943ddd26c20846675fb3,386,265,121,22,4,4,46,25,15.31142044,0
56ee081780d0d72bad68686cffe35fcdce4b9590,80,63,17,6,3,3,48,19,10.72098446,1
73d082e3e3f32f71fd526c2e2084d601fa628d60,6,5,1,0,1,1,47,11,4.667860508,0
40492c388be9f73117b982f8db8e0c6039f46f99,2,1,1,0,1,1,4,3,4.606388092,0
e3097e645eba2f2a97f80fa563eaa955d937d73c,2,1,1,0,1,1,33,14,4.553030014,0
b1c46c48451bdfeacec730693ab49b07b7b95812,17,14,3,2,1,1,9,7,5.648264885,0
e2e3ee7158a807f1ec6b92a8f84083b6e1b35783,9,3,6,1,2,2,73,16,4.616623402,0
e95c9150969bff290e6458563e9c9fd3f09b358d,34,17,17,2,4,4,103,34,6.071452141,0
5bf6d5098b586ddc4e375babb712012db900f9c3,2,1,1,0,1,1,21,6,4.555334568,0
90360c84e9d7829ce728dbe937a5baaddf2253ac,28,17,11,1,7,7,44,26,5.994718552,0
84246a9e8fb183a28983a70d3d30d7d9a474ce58,372,202,170,21,14,7,59,37,14.60538864,0
ac2d5782659d502a0bdf2800d6b5aabe431104e2,42,21,21,4,2,2,25,19,8.022921562,0
84a04f3d43267fc77bf3323e209b766a4bc7905d,2,1,1,0,1,1,19,11,4.555334568,0
0cc33b1e9692caf8e0596f24c737128b19214f9b,48,21,27,2,1,1,22,8,6.461758137,0
6199492f5e1e8811022257c88dbf63f1e1c739d0,16,12,4,1,1,1,13,7,5.144506454,0
2475f0c5813a3bcd09a4bb91033ef5aec9085566,2,1,1,0,1,1,34,14,4.553030014,0
155c3ffcf71ed31999075f81fcdff7838096717c,61,32,29,3,1,1,16,9,7.829702377,0
7515a576566aaf3c3116057897d47fccd2bd94a7,1765,1186,579,70,41,22,644,323,19.24232864,0
a8e59ec2c6dc4f61acdc33bf42f4a7eb98e98663,44,19,25,4,1,1,3,1,5.90495491,0
cda251ade12bc6f42c9ffc0f8d833aa6515c8a08,161,84,77,6,1,1,23,9,12.54826832,0
5dc48f2fc2f7a6f9d039251b9133df12bee99d52,28,14,14,2,1,1,7,4,5.139781952,1
631b747826771b60a879ceba2b2773ebc1361a71,130,63,67,2,6,5,56,28,9.127323151,0
230d1a20bc07476b61e5b06fafaf05750c0563f9,2,1,1,0,1,1,37,12,4.555334568,0
67dc52cc0f76c51e6fd36dc88f87994c0b2386d8,6,3,3,0,1,1,10,4,4.991685867,0
a51686446d03dd27e04c4cb77f8bf0a60895954c,27,15,12,2,1,1,28,9,6.074026585,0
19fdd6c6339efd08c7c77d3c4e87f464b7c3a038,2,1,1,0,1,1,1,1,4.606388092,0
f18b3271c925feb44a921ae5179997e5737d354e,4,2,2,0,2,1,4,4,4.679201126,0
7da8c704d1ea6dc892e32c8a9f9678affd1c7085,24,17,7,3,1,1,8,6,6.191345215,0
30677531951977a2a3d7f3350fe9edbee541e6ba,30,22,8,5,1,1,10,5,6.634628773,0
397e3ac23029cbd60fbee0dbf60ce5bdf1cb5e54,4,4,0,0,3,3,37,16,4.808628082,0
de190286a43bba7f4b27fd5a84a252bbcafa67c2,2,2,0,1,1,1,27,13,4.601446629,1
8836f7ceb04540a80fb09e2a72898c8e5262272b,96,55,41,7,3,1,60,14,11.45902538,0
ae833c7ed16da0855e79cafa200e8b8e90d5f52f,19,11,8,2,1,1,8,4,5.346571445,0
705686e79949815e9036c0084011e471a3fb5867,103,88,15,2,6,4,70,40,11.56350231,0
a2e4800f33afb65f53cdfb52bacac280410a105c,22,14,8,2,1,1,4,3,5.557163715,0
02f789c7d1c6b51e918de64500be7114fe3670ec,25,12,13,3,2,1,9,7,5.896099567,0
26669eb1f3f75e466eae732e79a4e6e85ea57073,27,18,9,3,1,1,20,7,5.811878681,0
510a4ea395bcd8620b64df06f601f901f2546b59,28,25,3,4,2,2,57,24,7.595216751,0
3c21a6b2abaa17ecc66a1c76d1239c213c56ba4e,62,42,20,7,3,3,30,18,11.29735184,0
615331b81e04e3f50f766df442594f0436e51bca,29,7,22,5,1,1,19,8,4.890818119,0
59395791978e4b8e1364ce84a399139b7f3483cb,24,12,12,1,1,1,16,7,5.175855637,0
95469e8dd4820b0a40eac97a9593218d0a40c501,31,17,14,1,1,1,10,5,5.427940369,0
a10db1446aae6949cf3ceb9082c68d80c77f5bdf,24,12,12,1,1,1,12,7,5.175855637,0
5d7d8167e350edd5bc37454cd73a412c570a13b1,82,43,39,0,1,1,5,2,8.077388763,0
78fbb1136ad7f1a01fefcd4f8f460c41843b2b32,8,6,2,0,1,1,10,4,4.830522537,0
39da8c1addd3400e755f98a6947004f8c8f3d15f,91,40,51,15,7,4,163,61,6.137376308,0
dfd86028f097debd9fea259b8d69912057634417,330,206,124,1,1,1,7,6,15.52256107,0
c17dd1dd6bf914beb7b13528c95b487630f86905,2,1,1,0,1,1,5,3,4.599024773,0
4d2938f8c54447b603f4f133133ac755f4ac62b6,44,23,21,4,3,1,56,23,6.206089497,0
6274083b7ddc00df88e90237a1416b6fac8839bd,16,7,9,4,1,1,50,17,5.364998341,0
2352f9a4f47693cd8ca653f0b0629d186593fc4a,105,89,16,2,6,4,40,25,11.72258663,1
89c41e1b5a245322b27e8dd0728b543faa171e9d,19,18,1,4,2,2,12,8,5.424515247,0
f79fbc1258d05af3a42f84338e8fefa84881551a,2,1,1,0,2,1,9,7,4.598316669,0
60a41efb32e9d176cb0808d7df7b5fc130c9f45a,18,9,9,1,8,6,193,63,5.856546879,0
8ed7d4fe4d79f10822cedf563948ac2f6e7ffc65,170,82,88,34,4,1,62,29,14.63967228,1
07bc20cd11492041d3fb9c1db612529db2af8f9f,2,1,1,0,1,1,1,1,4.630297184,0
ee559bf204448e9c658da48250e04394adf357e5,3,2,1,1,1,1,2,2,4.724529743,0
3712fe8ed9f36d4cd17acf724a0ff4610234e721,21,21,0,6,2,2,95,30,5.767487526,0
717d1e9f0c18dff97f21b8f626097de099fbfe11,2,1,1,0,1,1,18,6,4.555334568,0
7d000b18f7751123810dbd4bcdc64d8f0bf30f95,43,30,13,1,3,2,48,25,6.778057098,0
b38077bcec6b2648f629bee21d649657cf2affee,81,57,24,1,1,1,10,5,9.769165993,0
525cbafe724ce9ea78d362faf09533d6678bc1ab,8,2,6,0,2,2,38,15,4.693447113,0
2a6f9ac4763b257f902478ef1947ad63bcc4f2d0,284,284,0,4,4,1,6,6,16.10712433,0
f5e3a30153167ce6eedfc0ed85f788f3a21a278b,39,31,8,4,2,1,28,13,6.508594513,0
659e1c8900c65d96b0a498d602992cc11c9430d6,12,9,3,0,1,1,1,1,5.034367085,1
d45510c186b3dbee3c3f7882c90ab3d28409a0b8,13,6,7,0,3,2,60,26,5.04411602,0
497db003ff6df1e1bfe381fea7d01efd2482f8d8,32,17,15,8,2,1,34,17,5.723907948,0
e040ace189aa0379b998c8852a09c1a1a2308d82,3,1,2,0,1,1,3,3,4.598316669,0
e5a11a90a175dd5132c97963dcf7ea6394ab90cc,172,163,9,7,8,3,36,24,15.43652248,0
1fc98bf061aedb98be4453865201ce6d9f1dede6,294,294,0,2,2,1,80,14,15.09903908,0
b4e539389437e3b5660d596ebec4c87b1bc6e948,836,433,403,33,9,6,161,68,16.25726318,1
5945db20de21c62795315c095ccf9ff4c61f3ebe,62,52,10,9,1,1,8,4,9.776995659,0
3abe7db082cdc98f31e2e248c9b87adca0dd1374,6,3,3,0,3,2,131,41,4.914153576,0
27ff2153ed96b6b5d3b523fd8f4ae92aaeae72d3,24,13,11,2,1,1,31,9,5.862313747,0
7deb576bc58bb74725cbb6c5d82d7b9244c6ad42,18,18,0,5,3,3,5,4,6.080888271,0
a6f533dfecd688a6c43212b0e826be9a2da5b4ce,24,12,12,1,1,1,17,7,5.175855637,0
708cc56fe915a7f8121476165d49c097d93ac360,313,220,93,16,1,1,12,6,14.52000999,0
44f7ad973f2017bacde2bf5277f846179eafc6dd,186,173,13,17,2,2,16,10,15.24435997,1
cad81a5d47ccc0f2e6f16cdc32f2321ea1f3b543,5,4,1,1,1,1,18,10,4.555334568,0
3ba0622bced082115918e5113d05bab65bf07754,32,16,16,2,1,1,17,3,6.445950508,1
da8f3f5227a18da3cba61c33adbf16020df00c41,40,23,17,2,1,1,12,8,6.673452377,0
628b04b90861fbb6daf8ed7221aad989a62f6ee6,2095,1388,707,396,206,85,878,532,14.70397949,0
65651b5cce54736978356ba1a8dea8a10f405d3c,25,21,4,10,1,1,8,5,6.389259815,0
1a718e0cc9a0c3811111e40f4bf8351e26f73522,5,4,1,1,1,1,1,1,4.834010601,0
f861c8203c8544b91e061964441485bd2f6de145,2,1,1,0,1,1,56,17,4.640595436,0
d10488217e3996b2263910e67a5b05711fe4b9a2,174,86,88,34,4,1,68,29,14.72745323,0
230b987005f5204538c7de569551f918047cd5c0,8,4,4,4,2,1,14,10,5.373634815,0
02afd5b4d5b6196aabb535e7dd9dfe6dd018697d,1239,835,404,62,25,7,322,156,17.23339462,0
45ce3104ca7a0f02f6b4f83580a60e1ed8a8ee47,65,55,10,9,2,1,20,10,8.465473175,0
9d59538c84b65b89bea820c87b4dc359dfc71ae9,645,427,218,30,13,8,318,108,16.25985909,0
23f105533e96ac0cd98d8a5a949f6da4bab7f9f4,6,6,0,2,1,1,7,3,4.971723557,0
48e1aef83b94468c9f839cf28b24560bef233780,147,144,3,0,9,8,117,46,14.24983883,0
b89109a71355cff4ddf88a8adc0786b7490714ac,334,319,15,8,6,3,36,17,15.58049583,1
d3864d66c0d859ce93b51d9bc13e4f912b36c0f1,8,5,3,1,1,1,17,10,4.693491936,0
e319a37cfa4655628344303e5ffe1befb05d868a,22,14,8,2,1,1,3,3,5.557163715,1
4717ff827ae8359a41261d6e5c60d0036eec9aa3,420,420,0,3,3,1,63,16,16.55901527,0
2aec79f13b04e022f0c30830a5e621cfcfffc88d,39,27,12,2,3,3,18,12,6.445518494,0
50c6c23bbbb7aaa131fb01b3395bd23944f870b2,266,144,122,34,14,5,313,106,14.73472404,0
dd94a61d3359ede0e35480b26926901f25c4b250,9,4,5,3,1,1,14,9,4.749056816,0
4f4558f2b1f6e809ae19985e0d4d95417227b938,92,79,13,8,4,3,109,31,15.50108433,1
8f692d13d45642f8b447d47af796f06487afeec2,39,27,12,2,3,3,26,12,6.445518494,0
24ac4a08f67dd4ffe865f21dc731e427e14f59fc,14,7,7,4,1,1,49,16,5.116516113,0
4c3fb71208a29e1e49201002bda08499a14b443d,65,38,27,10,2,1,61,24,6.660358429,0
133c8dd07f1cc0a737688a860edfa0936842f629,144,95,49,13,3,2,58,26,14.35500526,0
61d7e8ce440aa544ce23e98a6fc6f811c482c5a0,93,88,5,4,2,1,83,17,12.99033642,0
f51a276d619eca2a9dc3171340061f3789bf7440,4,2,2,1,1,1,19,4,4.739084721,0
517dbdf3261d42e90883d07320b7991ff8e2bcf8,2,2,0,0,1,1,1,1,4.599024773,0
6239655b6fd959b637ae3948f616f393aa99f159,25,17,8,1,2,2,59,20,5.659789562,1
4a8ad9541c2d2d70f28cfef65282f1f3e6209a07,15,11,4,1,1,1,9,7,5.388575554,0
2e4ad087f811402b19af8d1b8d487d70b6ebc87a,2,1,1,0,1,1,6,5,4.555334568,0
5f303a7e531b0330cc9d40ce1083287ae2982e1e,39,33,6,2,1,1,36,12,7.42489624,0
a4dd1f721692ab3257503c9dfa2f3007acadf8e4,12,12,0,0,1,1,4,1,5.356567383,0
db77f1965b6b6871db91beba338b5bf540ffed4e,72,44,28,5,3,3,33,10,7.560308456,0
7db11734f25a53cda15634071a47ff524a06002e,18,18,0,3,1,1,7,5,5.837522984,0
2d1f72cda465e5a7973a623be077e1aff5575a1e,11,4,7,2,4,3,92,28,4.85679388,0
a5a65a04e2e6a0ee72589ec801af53336da1afef,228,228,0,3,3,1,81,18,16.64530754,0
2b93a66f0472e93223c69053d5482dcbef26de6d,715,472,243,166,158,75,169,159,11.47015381,0
bad474e9746aebb36cfb53cf4c5157b1e4c363bb,9,6,3,2,1,1,14,6,4.842140198,0
856a8abd31ac9a4d9944c1f9b494b8f94ded209f,21,14,7,5,1,1,12,7,6.208018303,0
f72e86992ffb22b4b3a525857308a96ae46cd544,6,3,3,0,1,1,6,4,4.991685867,0
6e8c2c382e5009c893f85f5cb93748a731b9583b,11,8,3,2,1,1,20,11,4.909977436,0
34236ffecf478a1776559b0ed8c1ad929483d752,8,7,1,3,1,1,12,7,5.160433769,0
602ff0b4af0d844d0fbc92928074ba381a09ea8f,83,32,51,10,6,4,140,52,5.924402237,0
9a6401eef88254f44c253ea0609aaf36fc9d589d,9,3,6,0,1,1,14,9,4.583452225,1
db2f5df1680214b589a3ac8def527afeeac94667,1,1,0,0,1,1,31,8,4.54535532,0
b36692a6733e906be6fedbce8607397531666836,16,14,2,2,1,1,9,5,5.393455505,0
4e70af25e9181bf2234ed131c22e9aacffe1524c,511,344,167,10,9,8,202,74,16.10997772,0
b7011f58aaed1564cdce2002954347f13af1d9f3,3,2,1,1,1,1,2,2,4.555334568,0
f263d91983122b291e4048088d91e3febdf8fb90,20,17,3,4,2,2,68,31,5.768090248,0
0624d2588ee3b2e84be28ffb59db6d62c1456752,25,19,6,3,2,2,35,16,6.080678463,0
21d56a0c5626553a3bf5058588d9277e6844e00f,27,19,8,4,1,1,15,6,8.040480614,0
2e2cce08e86b9a07ca2199a08e82fb8891f5cf5e,2,1,1,0,1,1,13,7,4.599024773,0
d50cd12795cb39fab9c7bdab5040b35d67e917c2,4,3,1,2,1,1,44,12,4.685596466,0
cea7e08970ae450181f85d993b4be9933b8d61db,1,1,0,0,1,1,48,16,4.598316669,0
54510e503f7da7301a59f5f0e5bf4509b37d35b4,7468,3865,3603,271,80,31,905,464,18.1256485,0
fbc4093caabdfe6e2e64d77006cd90740bbe4272,204,180,24,13,2,2,79,20,15.14239025,0
2dc7472499a8518adbd72cec53617fad842665a5,2,1,1,0,1,1,5,3,4.54535532,0
54f156cf0deccbfb35bc34b59916f51f48e866d4,6,2,4,1,1,1,45,16,4.791612625,0
f02110f42c53e77450835776cf41f22c23f030ec,302,125,177,40,78,45,1158,525,15.24720192,0
2c7b23065afb3b2edbed60ac8deefd0d45653258,64,35,29,3,1,1,6,2,7.861695766,0
c585312bb9d2ac7ef709b2bf958fc3949862e543,60,30,30,0,1,1,12,3,7.175523758,0
b56a57764e839ab5af231d8a710a10003284b7d0,34,17,17,2,1,1,20,4,6.584762096,0
bad20b13d411e0097cfaebc10b546cb0ea17121a,117,112,5,1,1,1,2,1,13.37879372,0
f419367942e6ac0c33abf77c3ef96d7ae0e52f71,224,125,99,13,3,3,47,23,16.02598381,0
d57418437ca6baa9f55061e9188fa3fc0ed4fea5,5,2,3,1,1,1,24,7,4.574074745,0
35193c2ddcbe8f24ea09eeabd9e90f7bc52097d5,32,18,14,3,4,2,81,29,5.616448402,1
4da6b19e3b149687c624a996fc065207561217ed,504,245,259,6,5,3,28,18,15.69502544,0
8bf139d76ac3d9c7a557fb297b0947b8bc1d6065,319,151,168,40,2,2,30,13,15.32535553,0
24071d017021449b12ab92dc167649dff304aed7,2,1,1,0,1,1,19,9,4.5421381,0
7ce1b4be7d7cbbedec054d3bc72d47614eb32c37,1438,855,583,326,202,84,582,497,13.50588512,0
8b3412a864b2bed1bdd633710ffa36b975d8e6bc,20,12,8,2,3,1,52,26,5.399734497,0
9771b689efa5294a6da4a7fd4ee2ddea3578364b,19,10,9,2,1,1,31,11,5.39016819,0
4c1d94a2c2f4b43a0bbcbd80a4a00d9f7a6ab445,61,32,29,3,1,1,19,11,7.829702377,0
d163512d5d2e345dfe6c816a29dc93a108dfd254,57,36,21,0,1,1,51,11,8.33067131,0
c7c795a991fa5072026de8dca14e10bb0b555b6a,972,743,229,87,43,25,472,291,17.69331932,0
4592eb695edd0b032dbf37678039368925b3c47d,8,4,4,0,1,1,10,5,4.908936501,0
2e485cfbdf46461a733cd21e9129f6fa5989f288,3,3,0,0,1,1,52,11,4.757095814,0
c4b895562716c5a37cb35328302d3b6801b04e48,546,241,305,99,85,25,130,85,13.58486652,1
d758a31bbee0807bcbc92a591668076cfa95aeb1,269,110,159,6,1,1,19,7,13.52409935,0
2f9110cee00797184c9cd8d1148e1d57f9289d1a,247,245,2,8,6,6,39,19,15.60089588,0
7e9d1df08817c54d50eed3945136033a7fd7af00,28,16,12,5,4,2,21,14,5.54421711,0
62f6d9f924c63288df532c0217775aa2bbf140a6,105,105,0,1,1,1,1,1,16.0605011,0
bf75e962dc8e36f5f6df97b519c0ab6c63c0a1ab,25,19,6,3,2,2,37,16,6.080678463,0
58ea01f179b2cdd5965fd8b12d6e9fd608509e3b,53,49,4,4,1,1,12,5,7.464461327,0
490e8dd84497d8fd3ce62326f3e02fa2327a3c89,770,581,189,8,8,3,37,17,15.47711658,0
a6ead23f05cc36d534a6201df7aaefd51f1e548f,979,390,589,183,343,98,4237,1897,9.113200188,0
9e212a2675234c981a28a96ffa093813ed4274f9,37,15,22,0,1,1,49,11,6.483949661,0
872b4ea2dc3cc2465eaafb8068731282681b04c0,10,8,2,2,2,2,29,14,5.183290482,0
a2a35f380cb7c0f0dc9134c94212a42bfa7a2d50,29,15,14,3,1,1,9,6,6.120726109,0
6d196c82927a13ea37e7c7fff241f883bb89cec8,12,9,3,0,1,1,10,7,4.999684334,0
9777aea72b1d231cc9876defbbcf5f74128c8962,106,87,19,8,3,3,54,19,12.07317257,0
5fb314027205724cf1ddce63f73641166be838ec,85,74,11,7,4,4,175,36,9.380028725,0
a997f102878dc979f2ce542e63e860edeaf65f68,126,62,64,12,2,2,13,7,10.75589943,0
524a59480a3e258a0363faf343fa57875f8f9ea8,6,2,4,1,1,1,47,16,4.791612148,0
0cec7b535d5b34152fb83f3b491134bf74978530,864,623,241,8,9,4,59,27,16.20438385,0
0ce62e10fb1f107131bff955a44a7105b62521a0,55,28,27,12,4,3,116,43,6.49530077,0
5781fce1b81d1f7d7de911950743c17dd9b64126,25,22,3,3,1,1,29,11,6.182491302,0
f011b2193c24e031aafbcfa1e66fc2bcbb59098b,7,5,2,0,1,1,54,14,4.730295181,0
926ebdba98e29d979129888029d71b1c14356729,27,13,14,3,4,2,22,17,5.964107037,0
6934d52a501b7aa50f8a9d017b2bdf61490ab99f,75,41,34,5,1,1,30,13,8.300049782,0
9fcc2a494acfb2b367078dcec84f264e57413315,4,2,2,0,1,1,16,6,4.851960182,0
cce1cf853c36ebd5cdf635fa80f4138778a7c943,1251,707,544,48,27,16,401,192,16.90975952,0
22fc7f0defb22588c4ade33b5693303f18d96253,20,12,8,2,3,1,57,26,5.399734497,0
2934d4384901d4eda0aeecfa281bfbb2d9b9b0c1,63,42,21,1,1,1,29,8,7.944667816,0
fb47207c3b11cc1f3937fd68ea37b4cb2f2e6d4b,221,125,96,22,7,3,134,53,14.06746483,1
3f0ecdf97cb9a8ddb7b17aee1deea74da3ed5b74,49,25,24,2,1,1,11,5,7.618338585,0
f483e527f43ff66b50335424220cc0842a5872c9,11,8,3,2,1,1,11,8,5.194919109,0
52e0590d30e5226c2a66e688e196b5d2f5b393d9,2,1,1,0,1,1,2,1,4.606388092,0
4efed0a189a72ad1ca2c2cf87d50754d1ac2fc90,3,3,0,0,1,1,62,13,4.684942245,0
160758023e3de83894ae4fe654c17fde62aba50e,78,55,23,6,3,2,30,12,9.469255447,1
43d26ceceab274e06d607215b06aacf20ff89287,2,1,1,0,1,1,38,12,4.555334568,0
fd31cea0bdd12d9d501fb495a713374d3a07b699,192,87,105,12,23,12,531,208,12.47527885,0
4cfec6e327702704527ef9162c9e4823041ee5d1,3,1,2,1,1,1,11,5,4.5421381,0
c1819539ba21a294c1afc12b876b83f74a1ce3e7,14,7,7,2,1,1,3,3,5.183170795,0
8682b96c3b84018f187eabaadc096ceded34f250,387,289,98,13,22,10,415,167,12.57597351,0
3a902578af14eee2b37af7b666a20def607bdd1e,43,23,20,4,1,1,23,8,6.67411375,0
9fdb727331a71fe78c9184720c088f6cdc11c079,10767,5668,5099,429,185,71,2359,1113,18.04524422,0
fa1ae9b89b08e3104d537299d526cd28a7ea9d76,11,7,4,0,1,1,10,7,4.959156036,0
784aa5f8a5210cdd129a583c1dccdffaad5f9807,75,41,34,5,1,1,29,13,8.300049782,1
da2a6735da799a555276344ffb131a066f4896f1,4,2,2,0,2,1,6,2,4.689584732,0
961c725aba2d6013a343dca66f595d6f28293a7b,15,13,2,1,2,1,29,14,5.387456894,0
2f50e801005493d0217160b7239eb2db82ca89f4,11,4,7,2,4,3,84,28,4.856793404,0
7cb7abde6e3fae7c2ae70865e7ee2ee5ff95e2ba,1476,671,805,98,148,62,1558,722,14.76370811,0
c0af89aeb0e5c9e2059192eac7514cea3825b7e2,4,1,3,0,2,1,2,2,4.614459515,0
540d509b154b8f5ee08b33e156817f587b3c4466,9,5,4,1,1,1,7,4,4.783076286,0
26616f5c2a79349b781153e4fa9a893e40fed84f,104,87,17,9,1,1,16,10,13.56358624,0
9a9c4b32b9c1ab9c47583a217665e4694272d58a,16,10,6,0,1,1,2,2,5.266458511,0
ec9e3d8deb481e40914d36077e75c049896f60d5,7,2,5,2,1,1,54,17,4.697953701,0
718f51bf185e07bff37bb716564c8eb56f637a2b,13,4,9,1,2,1,42,15,4.733378887,0
106a215cbd430a13e29ee590e948e198abf6445c,11,8,3,2,1,1,6,5,5.194919109,0
f87b19b0ee8a01c5f54f5ed4b6b159169705682f,40,23,17,2,1,1,11,8,6.673452377,0
76aedcb780c88344966f47536274ecb001682291,5,4,1,1,1,1,3,2,4.834011078,0
ab1b2a7276e940e6e6b7a40ad59bf60f554b3a85,4,3,1,0,1,1,9,4,4.777221203,0
146a76ce000f2eba040806258414d9811ac40357,51,42,9,9,1,1,50,11,8.187649727,0
b834b8111742d8648d6789d770b4a66e60433fa0,1476,671,805,98,148,62,1380,720,14.76370716,1
9446b1e1bc38eb092bd84b2f845d705b12ace8f8,32,28,4,4,1,1,14,6,7.24676609,0
bcf64cec92340d7a74cfb02f7ce36de5228034ce,144,95,49,13,3,2,63,26,14.35500431,0
97a24a2c8d47ca0d24989b273d7b00822b4c33ae,1113,667,446,58,41,25,875,369,17.00584984,0
dd17b7b2944a420776c5a53f2cd1d02a2115ea0c,5,1,4,1,1,1,13,9,4.54535532,0
60af77262726e8a09202a2319add512c54e7a2f4,31,16,15,4,1,1,8,4,5.438312531,0
615b20eafe947bf75abee836ddd3a9b67706c49f,25,23,2,2,1,1,5,5,6.429361343,0
1a2f1b826b5d692ba47398b0e11e2cd53716c73a,19,14,5,3,3,3,44,24,5.422018528,0
777e759ada24eac84072a5f1722938442432eadc,52,42,10,8,2,2,23,10,8.234974861,0
e27eb65eb811895fcb455facea77155de9e67b5c,255,173,82,16,7,6,120,66,15.8204155,0
d6106a2a58c729642c3ea689f1bc45d0b2d865a8,1,1,0,0,1,1,33,14,4.598316193,0
bb92ab7107e63126b2e92629f853099b633bd599,166,60,106,8,4,2,10,6,12.33309174,0
a985e30116945e4151e3c7a7bb9b9e9c309147ff,144,144,0,2,2,1,14,8,16.40725899,0
548676c529ab87577ecb153d046ef234a81ccead,16,8,8,0,1,1,10,6,5.135046959,0
1e2c84882b9d218c88752a93c4adaf167ae9355d,5,1,4,1,1,1,12,8,4.54535532,0
0176883bd663088da99ab54840987092066dc5ac,66,36,30,3,1,1,4,2,7.611114025,0
36bfac1122f590ac742f0c7330c5e412534f3be2,90,46,44,1,1,1,2,1,9.973680496,0
50f08b3c5aff4143737d8471ffb0f180fb612ffe,302,125,177,40,78,45,1240,525,15.24720097,0
b8580b3dd3d47c8f0157d9860f8dab8d1dc8607c,9,5,4,0,1,1,4,4,4.856532574,0
107b364b7f99d89cec76af8c1acc6623fe19a810,103,55,48,2,1,1,8,3,9.1730299,0
991771d32346c64f504596732e59f5efc64e5660,90,67,23,12,2,1,38,10,13.78911304,0
0e3036b9a4147adf06ac5495212b4542f42377c1,280,120,160,7,1,1,17,7,14.05029583,0
1f6bfe25de44389941529a4170a17c3deed16ad2,206,81,125,13,4,2,65,27,12.22547722,0
e94ee4803481995270a066e28cf88f80ff8bf468,9,6,3,2,1,1,13,6,4.842140198,0
12e14ac0604298e09672287ba20ccb13a56d4fd7,269,110,159,6,1,1,13,6,13.52409935,0
d7e4046e6e725ed759d0c43e37c51c5c3122e006,10,9,1,2,1,1,8,5,5.223146439,0
972e494c8557dff6a19aa12dd4c4706fe1d7ad3f,19,10,9,2,1,1,32,11,5.39016819,0
a6bef2218193e8eb7fb84e1e2a78c49954372040,4,3,1,0,1,1,8,4,4.777221203,0
c433f497168c3a8242930c1dd1609ef3a99770ff,104,91,13,7,1,1,38,10,12.23236942,0
5f216e7f5fc04134003ba9a4ca41fb857d2a5581,1396,985,411,67,27,9,430,178,17.5301609,0
405682ea3686ba892b507989c938e9dbfccca583,7468,3865,3603,271,80,31,819,464,18.1256485,0
f82959d88c3cb297ef56f951a263061b31396d47,316,304,12,5,4,2,53,21,15.75106812,0
4d17facefc34f2f63cbd958a46f09f361109907c,60,30,30,0,1,1,14,3,7.175524235,0
5fb2d4db0543f8d27824a3f873cd0ad41e328021,7062,4643,2419,477,192,75,3215,1475,20.06230927,0
b58d6cd9111b2d25b8f6f009015ac214bac4006d,406,406,0,1,1,1,1,1,17.01171303,1
1e09feec8e5050050faff0a231d2540da8378fd5,30,23,7,4,2,1,22,13,6.67399025,0
6d03b523ed9182b1eb9322d08f66fda89f78dacc,206,81,125,13,4,2,69,27,12.22547626,0
8f556f4a87d87edb96fb575fa4b579e39d9dfdb4,185,150,35,13,10,9,77,36,16.08055496,0
e41e55afcbfcccd6f2fa8ddae3c2137a9fdd122b,26,15,11,2,1,1,18,6,5.764605522,0
c658d753635eea8168e428e23d6a251979264bec,15,12,3,1,1,1,32,8,5.235016346,0
241ad5a614aab9baf671caebbcf7ad0ffb809f61,1657,1066,591,128,107,56,2062,882,18.6631546,0
122648e92e336f2e3194bd53c4a90ab7d0100178,5,3,2,2,1,1,79,12,4.645355225,0
cf183adc9c5dedac141dd920066c41d52ca09f7e,27,20,7,2,1,1,11,7,5.880625248,0
410b967367c4efb450515d10ba10ff2d9afaae3b,2,1,1,0,1,1,24,8,4.772422791,0
0312bae38c9e95d496336dc24133b15ebefd4d3c,18,18,0,5,3,3,17,8,6.080888271,0
3958d0c23e32855225fd52403da7c7234eef5ea2,161,84,77,6,1,1,22,9,12.54826832,0
5b3cf0e2028aed576d080be70fc9028796616b94,8,4,4,1,1,1,5,4,4.791453362,0
cd0669b1201dbac39aa11098fd5abbbe2249fe68,18,14,4,1,1,1,21,11,5.121638775,0
646932a71f5954fec2ef781939d4683b271837fe,14,7,7,4,1,1,47,16,5.116516113,0
a606dad64f3a3f2a4e288fcdd7521790b88827c5,532,427,105,54,39,23,395,231,18.20640945,0
afe119da53ad188617542805bbc6bf241ae57e71,438,213,225,41,78,44,1319,552,16.07511711,0
8e511a146e02907729e04c7ed7d54830ba4f0c07,206,206,0,3,3,1,63,15,16.04143333,0
5dcd7b13f450561a7b34bb6761041150c84bfdab,75,38,37,6,4,1,26,16,7.582262039,1
9fb7d6c2e61ce36375722b16842b694621f3b053,17,17,0,2,1,1,2,2,5.255568504,0
c345618ec425f0e907a6e54565f2d0577139b45f,2,1,1,0,1,1,4,3,4.599024773,0
8d434b5a43f997736ffcabefe83b31c780b7495c,4,2,2,0,2,2,66,31,4.753966808,0
5e3de5bb6bd907ca8a39c214ceccbce749a67a8c,147,144,3,0,9,8,108,46,14.24983692,0
0587065b610d6605892ad7065f414022be936451,45,24,21,4,1,1,27,9,7.121188164,0
9931acc489dd24db6e7e4993a694b26170a1be31,13,12,1,2,1,1,6,4,5.293599129,0
3a6c23a40ab5ee5b810e1b97d78e05cb92f21c38,4,4,0,0,1,1,10,5,4.912508488,0
602c66329c085dbe2b2a381b80ceb2f7dfa79686,2,1,1,0,1,1,2,2,4.606388092,0
8cc41d86db6c683614fa77419e275282fa806d4a,294,294,0,2,2,1,82,14,15.09903908,0
d1ffe614b665f35337366467a789590d6a97bfb2,44,23,21,4,3,1,53,23,6.206089497,0
f598db71c22c68aa8dc00028609bef9ab6b94158,56,24,32,0,1,1,2,1,6.566977978,1
bd8c8476b36a465159703c88b75eb08008650136,2,1,1,0,1,1,6,4,4.828217983,1
1abd6dd7a3167e996e310349a36e7100a585bf98,37,18,19,2,1,1,27,10,6.326831818,0
a6de472556c0bf3e38006999a3b5eb8ad67020b6,37,18,19,2,1,1,26,10,6.326831818,0
40e92a54ebb5fe9e8c0ecbe9e04456d1c299703f,20,18,2,3,1,1,17,8,6.140189648,0
64a6f7cc533f41e53cf6b637979080235b2147fa,125,102,23,4,3,3,36,21,14.51137066,0
9f54d5b3ec5a0fd36f91ec8af762e52859f4eeea,3,1,2,1,1,1,10,5,4.5421381,0
8e6cb9d7b08f67fd83e81c82404555539c664938,511,252,259,6,5,3,23,18,16.85029984,0
f046e632e6c0999ed599681e3116712c71d77add,272,152,120,53,23,8,140,87,15.14039612,0
36a47c8b91e128d8ea0087cd7f96b11359aa048f,30,22,8,4,1,1,5,2,6.996848583,0
1f746bb8f393beb623cc01b3cfad542bf57b63da,15,12,3,1,1,1,43,11,5.235016346,0
a7c47944036b4462d9d175efe44ede503dc7baa3,54,26,28,2,2,1,31,14,7.160701752,0
a484fc0cde181f79e555a1ae7d45fd6ffa1aa5e0,13193,7610,5583,502,206,76,3066,1435,19.65578651,0
2dbdb9d8db4c968aba72a5bc61fb32b8b3d8b316,9,6,3,1,1,1,12,9,4.895195007,0
dc12b53fb0c9644d1ee2991902d803fa20551c76,34,17,17,1,6,4,46,25,5.476550102,0
e2ffd7c7ac31b198e51cfacda1f21edb6a790633,4,2,2,0,1,1,11,6,4.851960182,0
984485a3428232841a8c1613f336866bdc332893,19,13,6,2,2,1,10,9,7.039997578,1
8c4f52229084ec4562b1ed6335deb810f6869c7d,94,57,37,2,6,5,79,39,8.889500618,0
e4a7f871b1b03f901279e24cc1c626e5c1b67643,911,583,328,16,15,7,55,43,16.21649933,0
ee36c8d70ca4e91e9b720fd65beada0e551a3e27,27,18,9,3,1,1,14,6,5.811878681,0
2999e146177c1fde787ba76710fe904270d90a72,13,4,9,1,2,1,44,15,4.733378887,0
8bf04cd49c7930ef62e3bc41aa3ee55917a4018f,147,144,3,0,9,8,99,37,14.24983788,0
3926910e145df083ec9d42cd397c0cbd9b3a16da,4,2,2,1,1,1,2,2,4.660600662,0
61985f17998d1deaa47d8e56b46136e0fc1f4108,307,130,177,25,55,36,220,157,15.26262569,0
eaf428cfe574ffd2e3030e984c6c43c5df15abeb,5,2,3,1,1,1,23,7,4.574075222,0
9fb5777b209f92ed6e3341980c2abe405b6b0fea,19,13,6,2,2,1,16,9,7.039997578,0
8ea99eec1a3bc62a21ae63326a75ac78b754547f,2,1,1,0,1,1,3,2,4.606388092,0
835774b946fd42efcbe93cec778b8a2d70d41dcb,39,33,6,2,1,1,37,12,7.42489624,0
415dc90326455e2c8b9ba8a4c8612b2e451e8662,6,5,1,0,1,1,7,5,4.81325531,0
d3aa4533f42e5bdbbd9bf9cf55af0da68beac0c6,25,21,4,10,1,1,9,5,6.389259815,0
95a1730c824bbba123115560a3b2db2411b3afce,37,18,19,1,1,1,6,4,5.443690777,0
cee42e8cb6257d399a7d18303c5d95f44d5978b3,65,38,27,10,2,1,59,24,6.660357952,0
153525c49ed24e889073004171912b4fa114cb98,16,8,8,0,1,1,15,6,5.135046482,0
bda16a84fb42a7a39c6c89dcaf619fe7cac43473,9,6,3,1,1,1,11,9,4.895195484,0
5f8b72b712c93f47902a5620813509c03f8ad33c,70,47,23,1,1,1,6,4,9.200709343,0
be3aea1410835b34cfacdff7c3def9fb01a83e76,38,36,2,4,1,1,3,2,7.67151165,0
6a9d0823757f2ffec86e1d32d789f5d00fa04667,286,285,1,3,4,2,6,6,16.4596405,0
9a77f43774b2c3cd70785895afb989e9ee2d8d5f,35,29,6,5,1,1,7,6,6.592041492,1
2c6969471c6adc8ffe1e8a2a023cd8b1bae67032,33,31,2,3,3,3,42,23,7.214250565,0
0cdd095c881eed52dc461e559ce6ae278e99157f,46,31,15,14,2,1,16,10,10.6665535,0
08c2fb9d024741425f57537c18dc706b1f861bdc,313,220,93,16,1,1,11,6,14.52001095,1
5f53fd4807f62d002d24f6cfe4b3fae5c0e62741,3,1,2,0,1,1,16,9,4.672627449,0
d2e60ef3508471ad7abebdac9e8cb5676908a047,3,1,2,0,1,1,4,4,4.598316669,0
01c03e547174bfd63c0f77519d31918a3e26f24a,247,245,2,8,6,6,32,18,15.60089588,0
f356790764e3685591daad4ffc8c430d4c16ab07,172,163,9,7,8,3,44,24,15.43652344,0
8cf9e67ea0da4d07923717f2c0421be9113b5265,90,65,25,3,1,1,16,8,10.72327614,0
6dab5dcc1afa7d596d4858b14b03246e32bb62c9,33,22,11,3,1,1,10,7,6.351608753,0
9d42fcfcd74977319cd27b1d92b0c87aac79cdf3,8,6,2,0,1,1,63,12,4.710913658,0
4a69dbca2d62742fc2cf6335609bb185a1891065,14,11,3,5,2,2,35,16,4.852502823,0
9cc076f33746c34acfdeef8b3007bb5b0dec736d,2,1,1,0,1,1,21,12,4.486428738,0
4a842efd3f531a49e81829244825812360b5ef8d,2,1,1,0,1,1,5,3,4.486428738,0
9c684114337241bb7652619c11b7374b27204dcb,504,245,259,6,5,3,16,14,15.69502544,1
8f421a4114f2d3e5be8726ca735766c6b9b19dbb,330,206,124,1,1,1,6,5,15.52256203,0
37d8aea464e3b6ac682e420aac699bbae11b74cb,62,52,10,9,1,1,9,4,9.776995659,0
54b7fa877f737cee16ff3b249a1fdbe32fd414fd,1794,1209,585,82,41,22,593,290,17.75664902,0
381e82ff0a891d899ac8541d6a30f0d12633d247,8,5,3,1,2,1,10,7,5.049608707,0
8e4dd318f5b32ff4fc5f3fb150df15552f477861,33,31,2,3,3,3,47,23,7.214250565,0
fc8f8638a38159a31d694fd9a6c9f18553a8f9fc,980,390,590,184,344,99,4744,2065,9.113201141,0
194fc37cb5aa2879b279014bbeaf3bd207af85fd,46,36,10,7,2,1,22,10,7.072673798,0
2b2efeaceb3a0caf3ebb90f61116be2b44505c63,4,2,2,1,1,1,34,10,4.743002415,0
5907604b341f3eda1aae924606fce9022446132c,387,289,98,13,22,10,393,162,12.57597351,1
106df966444311aa7d35b443105d00173bdc4847,190,125,65,15,4,3,82,27,15.85493469,0
2fce5cdb41f6b838ab2e4e29932792672290bf5b,134,122,12,4,6,5,348,71,14.83020306,0
0085ee740e78b58091d1aa39614277f1a612810c,316,169,147,18,27,16,619,255,15.67276287,0
327f3d415e43323c1cb7fb8628fd03079cca1d95,8,4,4,4,2,1,16,11,5.373634815,0
63037c71370cad1eba4152668f33b184c686d092,28,17,11,1,7,7,35,25,5.741025448,0
fd6f20e6dfc9a4a7bbad3478e6af4469d9449cca,8,7,1,3,1,1,5,4,5.160433769,0
17a4cb5d772649e19cd60037567af53e216cf41b,42,21,21,1,1,1,8,5,6.844364166,0
620b85df36d0c802f333a56ca1ef7021a7935360,2,1,1,0,1,1,4,3,4.54535532,0
d6ed2550a59cbc52dd1dfe5a9ae1db34ba7432fb,26,6,20,5,1,1,16,8,4.85738945,0
3f64083ed38c500e06b88ae406798b205cffeeb5,32,25,7,3,3,3,159,31,6.071277618,0
856e5513d4c8f9a4e35778b2e4b8f18da1e46fcc,4,3,1,2,1,1,16,9,4.758087158,0
b62c2c859b49fcb3cd5a8e05c6fdfcdd36e0f7e9,1997,1340,657,134,58,31,705,415,18.67494774,0
13a9a6daf2ca2f764d052ee338b51dc9f91824d5,8,4,4,1,3,3,58,26,5.055058002,0
3ada351a26b653b307c19e25b17e0e611a9bd59a,21,21,0,6,2,2,99,30,5.767487526,0
9249bb0fed2e186e6e985b1fe20041f03f2a2b66,2,1,1,0,1,1,5,3,4.486428738,0
190828fc96863112555190375e263c38a92855be,8,4,4,1,3,3,67,27,5.055058002,0
8b9714faf312973c91249077edc46c77abdc4c9c,37,23,14,3,1,1,9,5,6.836738586,0
24670e97826b674861d70cd3e0551b154466f8ac,224,125,99,13,3,3,44,23,16.02598381,1
b88930e4f1a5f6178a55123379d7f976b4b8d81a,30,23,7,4,2,1,20,13,6.67399025,0
3e2d3d456489bf52bc586dae0e2e71fb7aad8fe7,546,241,305,99,85,25,217,170,13.58486652,0
2465e63371717cef52ebe55b12b5a9379ebd345b,10,5,5,0,5,2,26,16,5.054291725,0
607e7d950a2f3399db161b5a6770b40bf1d60c1a,32,18,14,3,4,2,67,29,5.616448402,1
041927ae943da3214ba5dd9d2b00ee52275c9b8b,136,64,72,12,8,3,125,59,10.68333435,0
4418a0d7a987de95d644bf62a82d77de5f52e360,36,33,3,5,1,1,5,3,7.092110634,0
d7e8a2661cd5bcc358f9e7a2511cf0450f9bc493,21,2,19,3,1,1,18,8,4.574074745,0
34083703027a3967bd23e047f02b49fe48fab6ba,122,73,49,0,6,5,49,27,9.199296951,0
a18d4b6672801cea2141c0469eca8a1b93c90fbd,43,17,26,10,7,3,160,53,5.461160183,1
a4b4bf6853d0b85565831112f5bdc4f901736f4d,104,87,17,9,1,1,18,10,13.56358624,0
6c648633cecc158f409e3a4ec45cf33bc68b4b1d,12,10,2,1,1,1,6,4,5.187633514,1
e9a15c3a9f46a390266baa3281ff1cb0ed12161c,6,6,0,2,1,1,6,3,4.971723557,0
9e0c3167f85fcf1770a63d4856e32a848abfb6ef,2,1,1,0,1,1,7,5,4.555334568,0
31ecf64fca927c177cc23b75be25b17513b50406,186,84,102,12,20,12,375,166,11.72774982,0
138bc89f01bfada8d800a41670d36a863c83ef21,25,22,3,3,1,1,30,11,6.182491302,0
2b66cdaf8a18123c4e33c55a5c3b2cd863385896,23,14,9,2,1,1,18,11,5.460737228,1
c9444e0fcc508a21188b1653f108655eab1211a4,63,42,21,1,1,1,25,8,7.944667816,0
4bcaeeb8bfeaefadb627ea1a4eec56a9670ff777,485,463,22,16,8,6,191,50,16.20313072,0
439f1153991ec104acdb73420ddc816cd9c665e8,3,2,1,1,1,1,1,1,4.724529743,0
5a8793cd8c781ae25a70c53d00d88229b81d5aa7,428,426,2,3,4,2,135,28,16.30444336,0